<?xml version="1.0" encoding="UTF-8"?>
<!DOCTYPE suite SYSTEM "https://testng.org/testng-1.0.dtd" >
<suite name="Suite" parallel="tests">

	<listeners>
		<listener class-name="com.qa.listeners.ExtentReporterNG" />
	</listeners>
	<parameter name="AutomationName" value="Appium" />
	<parameter name="platformName" value="Android" />
	<parameter name="Version" value="10" />
	<parameter name="deviceName" value="Android Emulator" />
	<test name="demoApp">
		<classes>
			<class name="com.qa.tests.DemoAppTest1"></class>
		</classes>
	</test>
</suite>
